{"pos": [[2.1145731414236675, 0.009999999776482582], [1.1349999904632568, 0.009999999776482582], [1.4231097407457305, 1.4057894409879257], [1.8840853411976883, 2.049999952316284], [2.909756052203295, 1.7815789059294682], [3.3822560426665516, 1.0836841853237467], [3.497499942779541, 0.009999999776482582], [2.5755487418756253, 0.009999999776482582], [2.6619816669603673, 1.040736817901856], [2.4199694767230895, 1.2017894457339455], [2.1347408239434404, 1.0622105016128014], [1.5959755909152147, 0.9333683993471296], [1.8956097312089872, 0.40726314842897027], [2.817560932112903, 0.27842104616329855], [3.1863414124744693, 0.49315788327275145]], "springs": [[1, 2], [1, 11], [2, 11], [10, 12], [0, 10], [3, 10], [9, 10], [4, 8], [8, 9], [7, 8], [8, 13], [5, 6], [5, 14], [6, 14], [3, 9], [4, 9]], "triangles": [[0, 1, 12], [1, 11, 12], [1, 2, 11], [2, 10, 11], [10, 11, 12], [0, 10, 12], [2, 3, 10], [3, 9, 10], [3, 4, 9], [4, 8, 9], [4, 5, 8], [5, 8, 14], [5, 6, 14], [8, 13, 14], [6, 13, 14], [6, 7, 13], [7, 8, 13]]}