{"pos": [[1.7625861846928703, 0.009999999776482582], [1.1349999904632568, 0.9899999769769754], [1.7173275649166961, 1.6899999606916132], [2.3871551376040716, 2.049999952316284], [2.921206850962925, 1.7699999588304287], [3.3526723594957843, 1.143333306743039], [3.497499942779541, 0.509999988144081], [2.9996551252416266, 0.009999999776482582], [2.5259482382510052, 0.7766666486068001]], "springs": [[0, 1], [1, 2], [2, 3], [3, 4], [4, 5], [5, 6], [6, 7], [7, 8], [8, 0], [0, 2], [5, 7]], "triangles": [[0, 1, 2], [0, 2, 8], [2, 3, 8], [3, 4, 8], [4, 5, 8], [5, 6, 7], [5, 7, 8]]}